{
"input_si_sdr": -3.70949117342631,
"input_sdr": 0.27650784263924305,
"input_sir": 0.27650784263924616,
"input_sar": 151.999558979078,
"input_pesq": 2.0334459940592446,
"input_stoi": 0.661043031599646,
"si_sdr": 6.5255500475565595,
"sdr": 7.76539867929101,
"sir": 17.581574512259113,
"sar": 8.520462777872032,
"pesq": 2.6631338596343994,
"stoi": 0.890645696024393,
"mix_path": "/hss/gsound/exp/arie/projects/asteroid/egs/whamr/TasNet/tmp/whamr_scripts/tmp/wav8k/min/tt/mix_both_reverb/050o020s_0.13113_444o0313_-0.13113.wav"
}