{
"input_si_sdr": -6.43716025352478,
"input_sdr": -3.5718401126818504,
"input_sir": 0.053569741470145066,
"input_sar": 1.8890763170777913,
"input_pesq": 1.386423110961914,
"input_stoi": 0.5826898513468053,
"si_sdr": 3.9191306829452515,
"sdr": 5.1901827117312,
"sir": 18.762798851775845,
"sar": 5.676005312404217,
"pesq": 1.7907912731170654,
"stoi": 0.8417878555082667,
"mix_path": "/hss/gsound/exp/arie/projects/asteroid/egs/whamr/TasNet/tmp/whamr_scripts/tmp/wav8k/min/tt/mix_both_reverb/22ho010x_0.66464_052c010z_-0.66464.wav"
}