{
"input_si_sdr": -3.721867481867472,
"input_sdr": -0.3439699173231559,
"input_sir": -0.3439699173231296,
"input_sar": 152.07064846617075,
"input_pesq": 2.1478604078292847,
"input_stoi": 0.6643240782722923,
"si_sdr": 8.128250439961752,
"sdr": 10.169239819685883,
"sir": 19.620912655224924,
"sar": 11.107315172401007,
"pesq": 2.9615988731384277,
"stoi": 0.887627058902413,
"mix_path": "/hss/gsound/exp/arie/projects/asteroid/egs/whamr/TasNet/tmp/whamr_scripts/tmp/wav8k/min/tt/mix_both_reverb/443c0213_1.9323_050a050h_-1.9323.wav"
}