{
"input_si_sdr": -0.07703101634979248,
"input_sdr": 0.1355819067447137,
"input_sir": 0.13558190674472526,
"input_sar": 149.03530968752182,
"input_pesq": 1.8208098411560059,
"input_stoi": 0.7350428382811658,
"si_sdr": 21.061787605285645,
"sdr": 21.520370353453067,
"sir": 31.009679394293784,
"sar": 22.056300562608534,
"pesq": 3.8810880184173584,
"stoi": 0.9760571766016959,
"mix_path": "/hss/gsound/exp/arie/projects/asteroid/egs/whamr/TasNet/tmp/whamr_scripts/tmp/wav8k/min/tt/mix_clean_anechoic/443c0213_1.9323_050a050h_-1.9323.wav"
}