{
"input_si_sdr": -3.327123006184896,
"input_sdr": -3.0634696571049758,
"input_sir": -3.0634696571049442,
"input_sar": 149.17397468224792,
"input_pesq": 1.4092107613881428,
"input_stoi": 0.5355132089480114,
"si_sdr": 13.784952163696289,
"sdr": 14.40706576817008,
"sir": 23.85171156958049,
"sar": 14.990855732706033,
"pesq": 3.003145376841227,
"stoi": 0.865528241619966,
"mix_path": "/hss/gsound/exp/arie/projects/asteroid/egs/whamr/TasNet/tmp/whamr_scripts/tmp/wav8k/min/tt/mix_both_anechoic/443c0213_1.9323_050a050h_-1.9323.wav"
}