{
"input_si_sdr": -0.0006489157676696777,
"input_sdr": 0.07425898166936284,
"input_sir": 0.07425898166937783,
"input_sar": 149.0921060379431,
"input_pesq": 1.5851622819900513,
"input_stoi": 0.7142134960303733,
"si_sdr": 21.43721103668213,
"sdr": 21.656434442434396,
"sir": 32.93687457216999,
"sar": 22.00917092017572,
"pesq": 3.4760082960128784,
"stoi": 0.985296319515095,
"mix_path": "/hss/gsound/exp/arie/projects/asteroid/egs/whamr/TasNet/tmp/whamr_scripts/tmp/wav8k/min/tt/mix_clean_anechoic/22ho010x_0.66464_052c010z_-0.66464.wav"
}