{
"input_si_sdr": -0.0006489157676696777,
"input_sdr": 0.07425898166936284,
"input_sir": 0.07425898166937783,
"input_sar": 149.0921060379431,
"input_pesq": 1.5851622819900513,
"input_stoi": 0.7142134960303733,
"si_sdr": 19.200468063354492,
"sdr": 19.391648176937657,
"sir": 32.15899188729344,
"sar": 19.636124214498793,
"pesq": 3.3776885271072388,
"stoi": 0.9773881360328505,
"mix_path": "/hss/gsound/exp/arie/projects/asteroid/egs/whamr/TasNet/tmp/whamr_scripts/tmp/wav8k/min/tt/mix_clean_anechoic/22ho010x_0.66464_052c010z_-0.66464.wav"
}