{
"input_si_sdr": -6.43716025352478,
"input_sdr": -3.5718401126818504,
"input_sir": 0.053569741470145066,
"input_sar": 1.8890763170777913,
"input_pesq": 1.386423110961914,
"input_stoi": 0.5826898513468053,
"si_sdr": 6.756798267364502,
"sdr": 7.916612996253466,
"sir": 24.674612431093912,
"sar": 8.048843246409687,
"pesq": 2.062334954738617,
"stoi": 0.8686470913727549,
"mix_path": "/hss/gsound/exp/arie/projects/asteroid/egs/whamr/TasNet/tmp/whamr_scripts/tmp/wav8k/min/tt/mix_both_reverb/22ho010x_0.66464_052c010z_-0.66464.wav"
}