{
"input_si_sdr": -3.7516252199808755,
"input_sdr": -1.764634715379825,
"input_sir": -1.7646347153798292,
"input_sar": 151.87774112698585,
"input_pesq": 1.920268138249715,
"input_stoi": 0.6433282796685648,
"si_sdr": 7.521341005961101,
"sdr": 8.383354127183011,
"sir": 18.28929511161191,
"sar": 9.087772135369951,
"pesq": 2.6807257731755576,
"stoi": 0.8717817363555304,
"mix_path": "/hss/gsound/exp/arie/projects/asteroid/egs/whamr/TasNet/tmp/whamr_scripts/tmp/wav8k/min/tt/mix_both_reverb/22ho010x_0.66464_052c010z_-0.66464.wav"
}