{
"input_si_sdr": 0.06841623783111572,
"input_sdr": 0.11720733525678462,
"input_sir": 0.11720733525679439,
"input_sar": 149.0328335118549,
"input_pesq": 1.6358952522277832,
"input_stoi": 0.7229873510632686,
"si_sdr": 18.079856872558594,
"sdr": 18.400882888515703,
"sir": 29.53188681723526,
"sar": 18.765005853476804,
"pesq": 3.5001792907714844,
"stoi": 0.9778486561854385,
"mix_path": "/hss/gsound/exp/arie/projects/asteroid/egs/whamr/TasNet/tmp/whamr_scripts/tmp/wav8k/min/tt/mix_clean_anechoic/050o020s_0.13113_444o0313_-0.13113.wav"
}