{
"input_si_sdr": -1.1811875104904175,
"input_sdr": -1.1185028030731385,
"input_sir": 0.118122419247777,
"input_sar": 7.970757091215086,
"input_pesq": 1.4315471649169922,
"input_stoi": 0.6607816746042329,
"si_sdr": 14.397108554840088,
"sdr": 14.792335445961399,
"sir": 29.9294511872928,
"sar": 14.935924924971397,
"pesq": 2.920464038848877,
"stoi": 0.9464003205450133,
"mix_path": "/hss/gsound/exp/arie/projects/asteroid/egs/whamr/TasNet/tmp/whamr_scripts/tmp/wav8k/min/tt/mix_both_anechoic/050o020s_0.13113_444o0313_-0.13113.wav"
}