{
"input_si_sdr": -3.1403148087362447,
"input_sdr": -2.9863229780084666,
"input_sir": -2.986322978008463,
"input_sar": 149.13057290904177,
"input_pesq": 1.3195756673812866,
"input_stoi": 0.5502964850386091,
"si_sdr": 8.365585168202719,
"sdr": 8.754600537200044,
"sir": 17.918329482722406,
"sar": 9.392224693655935,
"pesq": 2.192928949991862,
"stoi": 0.834185985407518,
"mix_path": "/hss/gsound/exp/arie/projects/asteroid/egs/whamr/TasNet/tmp/whamr_scripts/tmp/wav8k/min/tt/mix_both_anechoic/22ho010x_0.66464_052c010z_-0.66464.wav"
}