{
"input_si_sdr": 0.06841623783111572,
"input_sdr": 0.11720733525678462,
"input_sir": 0.11720733525679439,
"input_sar": 149.0328335118549,
"input_pesq": 1.6358952522277832,
"input_stoi": 0.7229873510632686,
"si_sdr": 16.35893678665161,
"sdr": 16.6992806937512,
"sir": 29.110699180186906,
"sar": 16.966214791297098,
"pesq": 3.538748860359192,
"stoi": 0.973987763502312,
"mix_path": "/hss/gsound/exp/arie/projects/asteroid/egs/whamr/TasNet/tmp/whamr_scripts/tmp/wav8k/min/tt/mix_clean_anechoic/050o020s_0.13113_444o0313_-0.13113.wav"
}