{
"input_si_sdr": -6.43716025352478,
"input_sdr": -3.5718401126818504,
"input_sir": 0.053569741470145066,
"input_sar": 1.8890763170777913,
"input_pesq": 1.386423110961914,
"input_stoi": 0.5826898513468053,
"si_sdr": 5.261830568313599,
"sdr": 6.945500403173864,
"sir": 23.417613516067462,
"sar": 7.076745626595486,
"pesq": 1.896801769733429,
"stoi": 0.839285337825735,
"mix_path": "/hss/gsound/exp/arie/projects/asteroid/egs/whamr/TasNet/tmp/whamr_scripts/tmp/wav8k/min/tt/mix_both_reverb/22ho010x_0.66464_052c010z_-0.66464.wav"
}