{
"input_si_sdr": -3.1403148087362447,
"input_sdr": -2.9863229780084666,
"input_sir": -2.986322978008463,
"input_sar": 149.13057290904177,
"input_pesq": 1.3195756673812866,
"input_stoi": 0.5502964850386091,
"si_sdr": 9.180219014485678,
"sdr": 9.615762955907831,
"sir": 18.56036602107866,
"sar": 10.303272313362543,
"pesq": 2.5233143170674643,
"stoi": 0.8464427116717602,
"mix_path": "/hss/gsound/exp/arie/projects/asteroid/egs/whamr/TasNet/tmp/whamr_scripts/tmp/wav8k/min/tt/mix_both_anechoic/22ho010x_0.66464_052c010z_-0.66464.wav"
}