{
"input_si_sdr": -3.70949117342631,
"input_sdr": 0.27650784263924305,
"input_sir": 0.27650784263924616,
"input_sar": 151.999558979078,
"input_pesq": 2.0334459940592446,
"input_stoi": 0.661043031599646,
"si_sdr": 6.359133720397949,
"sdr": 7.56202906127361,
"sir": 17.30836183776775,
"sar": 8.306169472089664,
"pesq": 2.4822838306427,
"stoi": 0.8847612505724484,
"mix_path": "/hss/gsound/exp/arie/projects/asteroid/egs/whamr/TasNet/tmp/whamr_scripts/tmp/wav8k/min/tt/mix_both_reverb/050o020s_0.13113_444o0313_-0.13113.wav"
}