{
"input_si_sdr": -0.07703101634979248,
"input_sdr": 0.1355819067447137,
"input_sir": 0.13558190674472526,
"input_sar": 149.03530968752182,
"input_pesq": 1.8208098411560059,
"input_stoi": 0.7350428382811658,
"si_sdr": 21.267152786254883,
"sdr": 21.700781309871555,
"sir": 31.93824763696375,
"sar": 22.14451609340803,
"pesq": 3.8087276220321655,
"stoi": 0.9752162351980583,
"mix_path": "/hss/gsound/exp/arie/projects/asteroid/egs/whamr/TasNet/tmp/whamr_scripts/tmp/wav8k/min/tt/mix_clean_anechoic/443c0213_1.9323_050a050h_-1.9323.wav"
}