{
"input_si_sdr": -3.70949117342631,
"input_sdr": 0.27650784263924305,
"input_sir": 0.27650784263924616,
"input_sar": 151.999558979078,
"input_pesq": 2.0334459940592446,
"input_stoi": 0.661043031599646,
"si_sdr": 4.190529803435008,
"sdr": 5.6879509955394205,
"sir": 15.406205693793323,
"sar": 6.796436224236884,
"pesq": 2.4954132239023843,
"stoi": 0.8567023010109066,
"mix_path": "/hss/gsound/exp/arie/projects/asteroid/egs/whamr/TasNet/tmp/whamr_scripts/tmp/wav8k/min/tt/mix_both_reverb/050o020s_0.13113_444o0313_-0.13113.wav"
}