{
"input_si_sdr": -4.689442157745361,
"input_sdr": -4.507323608705837,
"input_sir": 0.07318820567348927,
"input_sar": 0.40053737885202895,
"input_pesq": 1.36784428358078,
"input_stoi": 0.6055764616278368,
"si_sdr": 9.935431003570557,
"sdr": 10.449685786239176,
"sir": 26.600846731959834,
"sar": 10.599140732696373,
"pesq": 2.1866984367370605,
"stoi": 0.8863123427193681,
"mix_path": "/hss/gsound/exp/arie/projects/asteroid/egs/whamr/TasNet/tmp/whamr_scripts/tmp/wav8k/min/tt/mix_both_anechoic/22ho010x_0.66464_052c010z_-0.66464.wav"
}