{
"input_si_sdr": -4.526602625846863,
"input_sdr": -4.197660869995332,
"input_sir": 0.1283703235905349,
"input_sar": 1.196620120939279,
"input_pesq": 1.586479663848877,
"input_stoi": 0.6234701237028706,
"si_sdr": 11.73934030532837,
"sdr": 12.27738745801684,
"sir": 27.787052313978435,
"sar": 12.409627119461488,
"pesq": 2.9916739463806152,
"stoi": 0.8935762522134958,
"mix_path": "/hss/gsound/exp/arie/projects/asteroid/egs/whamr/TasNet/tmp/whamr_scripts/tmp/wav8k/min/tt/mix_both_anechoic/443c0213_1.9323_050a050h_-1.9323.wav"
}