{
"input_si_sdr": -3.70949117342631,
"input_sdr": 0.27650784263924305,
"input_sir": 0.27650784263924616,
"input_sar": 151.999558979078,
"input_pesq": 2.0334459940592446,
"input_stoi": 0.661043031599646,
"si_sdr": 6.413001775741577,
"sdr": 7.616521055231047,
"sir": 17.457827420983183,
"sar": 8.353740533828422,
"pesq": 2.585425535837809,
"stoi": 0.884248747118705,
"mix_path": "/hss/gsound/exp/arie/projects/asteroid/egs/whamr/TasNet/tmp/whamr_scripts/tmp/wav8k/min/tt/mix_both_reverb/050o020s_0.13113_444o0313_-0.13113.wav"
}