{
"input_si_sdr": -3.7516252199808755,
"input_sdr": -1.764634715379825,
"input_sir": -1.7646347153798292,
"input_sar": 151.87774112698585,
"input_pesq": 1.920268138249715,
"input_stoi": 0.6433282796685648,
"si_sdr": 7.57554292678833,
"sdr": 8.450612376204097,
"sir": 17.866688489859662,
"sar": 9.19989144894515,
"pesq": 2.730381806691488,
"stoi": 0.8726752180398732,
"mix_path": "/hss/gsound/exp/arie/projects/asteroid/egs/whamr/TasNet/tmp/whamr_scripts/tmp/wav8k/min/tt/mix_both_reverb/22ho010x_0.66464_052c010z_-0.66464.wav"
}