{
"input_si_sdr": -0.0006489157676696777,
"input_sdr": 0.07425898166936284,
"input_sir": 0.07425898166937783,
"input_sar": 149.0921060379431,
"input_pesq": 1.5851622819900513,
"input_stoi": 0.7142134960303733,
"si_sdr": 22.129878997802734,
"sdr": 22.31611051028532,
"sir": 35.49995262458255,
"sar": 22.539833669056183,
"pesq": 3.7054479122161865,
"stoi": 0.9881247928308293,
"mix_path": "/hss/gsound/exp/arie/projects/asteroid/egs/whamr/TasNet/tmp/whamr_scripts/tmp/wav8k/min/tt/mix_clean_anechoic/22ho010x_0.66464_052c010z_-0.66464.wav"
}