{
"input_si_sdr": -3.327123006184896,
"input_sdr": -3.0634696571049758,
"input_sir": -3.0634696571049442,
"input_sar": 149.17397468224792,
"input_pesq": 1.4092107613881428,
"input_stoi": 0.5355132089480114,
"si_sdr": 12.269327799479166,
"sdr": 12.951518071911353,
"sir": 21.367193242936548,
"sar": 13.674564998095489,
"pesq": 2.737486998240153,
"stoi": 0.8429843631746322,
"mix_path": "/hss/gsound/exp/arie/projects/asteroid/egs/whamr/TasNet/tmp/whamr_scripts/tmp/wav8k/min/tt/mix_both_anechoic/443c0213_1.9323_050a050h_-1.9323.wav"
}