{
"input_si_sdr": -0.07703101634979248,
"input_sdr": 0.1355819067447137,
"input_sir": 0.13558190674472526,
"input_sar": 149.03530968752182,
"input_pesq": 1.8208098411560059,
"input_stoi": 0.7350428382811658,
"si_sdr": 17.267017364501953,
"sdr": 17.984108667668135,
"sir": 25.955137929673157,
"sar": 18.762247140395715,
"pesq": 3.6851565837860107,
"stoi": 0.9658071822892824,
"mix_path": "/hss/gsound/exp/arie/projects/asteroid/egs/whamr/TasNet/tmp/whamr_scripts/tmp/wav8k/min/tt/mix_clean_anechoic/443c0213_1.9323_050a050h_-1.9323.wav"
}