{
"input_si_sdr": -0.07703101634979248,
"input_sdr": 0.1355819067447137,
"input_sir": 0.13558190674472526,
"input_sar": 149.03530968752182,
"input_pesq": 1.8208098411560059,
"input_stoi": 0.7350428382811658,
"si_sdr": 20.962974548339844,
"sdr": 21.42151921644474,
"sir": 30.879183004028345,
"sar": 21.960209412379236,
"pesq": 3.870176076889038,
"stoi": 0.9764720143243679,
"mix_path": "/hss/gsound/exp/arie/projects/asteroid/egs/whamr/TasNet/tmp/whamr_scripts/tmp/wav8k/min/tt/mix_clean_anechoic/443c0213_1.9323_050a050h_-1.9323.wav"
}