{
"input_si_sdr": -3.70949117342631,
"input_sdr": 0.27650784263924305,
"input_sir": 0.27650784263924616,
"input_sar": 151.999558979078,
"input_pesq": 2.0334459940592446,
"input_stoi": 0.661043031599646,
"si_sdr": 4.182528416315715,
"sdr": 5.699767781896482,
"sir": 15.276166936609483,
"sar": 6.785253145643551,
"pesq": 2.4571297566095986,
"stoi": 0.8471969890918913,
"mix_path": "/hss/gsound/exp/arie/projects/asteroid/egs/whamr/TasNet/tmp/whamr_scripts/tmp/wav8k/min/tt/mix_both_reverb/050o020s_0.13113_444o0313_-0.13113.wav"
}